<?xml version="1.0" encoding="UTF-8"?>
<templates id="point_of_sale.template" xml:space="preserve">
    

    <t t-extend="Chrome">
        <t t-jquery='.pos-branding' t-operation='replace'>
             <img src='/web/binary/company_logo' style="width: 3%;padding: 2px 8px 0px 13px;float: left;"/>
             <span class="placeholder-UsernameWidget" style="float: left;padding-top: 19px;color: #fff;"></span>
        </t>
    </t>

    <t t-extend="PosTicket">
        <t t-jquery='.pos-sale-ticket' t-operation='replace'>
        	
            <div class="pos-sale-ticket">
            <div><img align="center" src='/web/binary/company_logo' style="width:80%; float: center; padding: 20px 25px 0px 20px"/>

                <t t-if="widget.pos.company.name">
                    <div style="width:100%;text-align:center;"><t t-esc="widget.pos.company.name"/></div>
                </t>
            </div>
                <div>
                    <div style="width: 55%; float: left; padding: 20px 0px;">
                        <t t-if="order.get_client()">
                            Cliente: <t t-esc="order.get_client().vat"/><br />
                            Email: <t t-esc="order.get_client().email"/><br /> 
                            Nombre: <t t-esc="order.get_client().name"/><br />
                            Direccion: <t t-esc="order.get_client().street"/><br />
                            Celular: <t t-esc="order.get_client().phone"/><br />
                        </t>
                        Cajero: <t t-esc="widget.pos.cashier ? widget.pos.cashier.name : widget.pos.user.name"/><br />
                         <t t-if="widget.pos.company.phone">
                            Phone: <t t-esc="widget.pos.company.phone || ''"/><br />
                        </t>
                        <t t-esc="order.name"/>
                        <t t-esc="moment().format('L LT')"/>
                    </div>
                    
                </div>
                                <t t-if="widget.pos.company.email">
                    <div style="width:100%;text-align:right;"><t t-esc="widget.pos.company.email"/></div>
                </t>
                <br />
                <t t-if="receipt.header">
                    <div style='text-align:center'>
                        <t t-esc="receipt.header" />
                    </div>
                    <br/>
                </t>
                <table class='receipt-orderlines'>
                    <colgroup>
                        <col width='55%' />
                        <col width='15%' />
                        <col width='30%' />
                    </colgroup>
                    <tr style="border: 1px solid rgb(0, 0, 0);">
                        <th>Name</th>
                        <th>Qty</th>
                        
                        <th style='text-align:right'>Precio</th>
                    </tr>
                    <tr t-foreach="orderlines" t-as="orderline">
                        <td>
                            <t t-esc="orderline.get_product().display_name"/>
                             <t t-if="orderline.get_discount() > 0">
                                <div class="pos-disc-font">
                                    With a <t t-esc="orderline.get_discount()"/>% discount
                                </div>
                            </t>
                        </td>
                        <td>
                            <t t-esc="orderline.get_quantity_str_with_unit()"/>
                        </td>
                        
                        <td style='text-align:right'>
                            <t t-esc="widget.format_currency(orderline.get_display_price())"/>
                        </td>
                    </tr>
                </table>
                <br />
                <table class='receipt-total'>
                    <colgroup>
                        <col width='40%' />
                        <col width='30%' />
                        <col width='30%' />
                    </colgroup>
                    <tr>
                        <td></td>
                        <td>Subtotal:</td>
                        <td style='text-align:right'>
                            <t t-esc="widget.format_currency(order.get_total_without_tax())"/>
                        </td>
                    </tr>
                    <t t-foreach="order.get_tax_details()" t-as="taxdetail">
                        <tr>
                            <td></td>

                            <td><t t-esc="taxdetail.name" /></td>
                            <td style='text-align:right'>
                                <t t-esc="widget.format_currency(taxdetail.amount)"/>
                            </td>
                        </tr>
                    </t>
                    <tr>
                        <td></td>
                        <td>Discount:</td>
                        <td style='text-align:right'>
                            <t t-esc="widget.format_currency(order.get_total_discount())"/>
                        </td>
                    </tr>
                    <tr class="emph">
                        <td>Total:</td>
                        <td colspan="2" style='text-align:right'>
                            <t t-esc="widget.format_currency(order.get_total_with_tax())"/>
                        </td>
                    </tr>
                </table>
                <br/>
                <table class='receipt-paymentlines'>
                    <colgroup>
                        <col width='38%' />
                        <col width='20%' />
                        <col width='13%' />
                        <col width='29%' />
                    </colgroup>
                    <t t-foreach="paymentlines" t-as="line">
                      <tr>
                          <td>
                              <t t-esc="line.name"/>
                          </td>
                          <td>
                          </td>
                          <td>
                          </td>
                          <td style='text-align:right'>
                              <t t-esc="widget.format_currency(line.get_amount())"/>
                          </td>
                      </tr>
                    </t>
                </table>
                <br/>
                <table class='receipt-change'>
                    <colgroup>
                        <col width='40%' />
                        <col width='15%' />
                        <col width='15%' />
                        <col width='30%' />
                    </colgroup>
                    <tr><td>Change:</td>
                         <td>
                          </td>
                          <td>
                          </td>
                        <td style='text-align:right'>
                        <t t-esc="widget.format_currency(order.get_change())"/>
                        </td></tr>
                </table>
                <t t-if="receipt.footer">
                    <div style='text-align:center'>
                        <t t-esc="receipt.footer" />
                    </div>
                    <br/>
                </t>
            </div>
        </t>
    </t>
</templates>